Day of Max,Day of Min,Amplitude Max,Amplitude Min
218,325,2.0474865634264403,-1.8995468789511505
