Day of Max,Day of Min,Amplitude Max,Amplitude Min
57,238,0.3754764283075627,-0.4860161456689253
