Day of Max,Day of Min,Amplitude Max,Amplitude Min
359,231,4.7367841522579806,-3.3679597932205696
