Day of Max,Day of Min,Amplitude Max,Amplitude Min
62,280,6.805524820738393,-4.801486667731084
