Day of Max,Day of Min,Amplitude Max,Amplitude Min
331,231,0.6218683957219845,-0.5167545773317606
