Day of Max,Day of Min,Amplitude Max,Amplitude Min
336,175,7.393660769862623,-6.199332060805198
