Day of Max,Day of Min,Amplitude Max,Amplitude Min
58,212,0.5339670786609012,-0.6641391455094119
