Day of Max,Day of Min,Amplitude Max,Amplitude Min
97,203,1.1778826148729769,-1.2537974508765843
