Day of Max,Day of Min,Amplitude Max,Amplitude Min
82,309,0.568269301559346,-0.7626416783288367
