Day of Max,Day of Min,Amplitude Max,Amplitude Min
315,183,1.8284107864985015,-1.587102012992263
