Day of Max,Day of Min,Amplitude Max,Amplitude Min
9,243,1.5586397045370717,-1.4665880477171491
