Day of Max,Day of Min,Amplitude Max,Amplitude Min
49,238,6.915356448331171,-7.670886974534627
