Day of Max,Day of Min,Amplitude Max,Amplitude Min
352,246,0.3351248753808911,-0.3512974585692643
