Day of Max,Day of Min,Amplitude Max,Amplitude Min
167,353,0.32368180189648527,-0.41730882062677094
