Day of Max,Day of Min,Amplitude Max,Amplitude Min
363,263,1.6159905780148607,-1.8085194849908204
