Day of Max,Day of Min,Amplitude Max,Amplitude Min
171,53,2.2355387447893014,-2.506489479517325
