Day of Max,Day of Min,Amplitude Max,Amplitude Min
364,227,2.279084192169704,-3.1172762497800184
