Day of Max,Day of Min,Amplitude Max,Amplitude Min
275,91,1.1475311080092692,-1.004120369486543
