Day of Max,Day of Min,Amplitude Max,Amplitude Min
234,89,0.5370837162801094,-0.6025775635203854
