Day of Max,Day of Min,Amplitude Max,Amplitude Min
2,108,0.7417623689478786,-0.37267315340093116
