Day of Max,Day of Min,Amplitude Max,Amplitude Min
174,0,30.147767617168295,-22.9087945344328
