Day of Max,Day of Min,Amplitude Max,Amplitude Min
22,234,1.7928932624728648,-1.664716673619764
