Day of Max,Day of Min,Amplitude Max,Amplitude Min
334,76,2.882502968864646,-2.918479367749825
