Day of Max,Day of Min,Amplitude Max,Amplitude Min
246,125,2.6650263437324573,-2.335425459573052
