Day of Max,Day of Min,Amplitude Max,Amplitude Min
198,364,0.9718325470985454,-0.7096540494776377
