Day of Max,Day of Min,Amplitude Max,Amplitude Min
321,80,2.2053390516141294,-2.068164316730162
