Day of Max,Day of Min,Amplitude Max,Amplitude Min
70,236,1.000473102886372,-1.201200036541639
