Day of Max,Day of Min,Amplitude Max,Amplitude Min
210,39,1.5384561762057114,-1.6593470063996543
