Day of Max,Day of Min,Amplitude Max,Amplitude Min
364,222,0.2725748684508723,-0.2151643215268982
