Day of Max,Day of Min,Amplitude Max,Amplitude Min
51,277,2.869324108269545,-3.175237984913837
