Day of Max,Day of Min,Amplitude Max,Amplitude Min
266,24,0.00677320790574388,-0.006568690617520079
