Day of Max,Day of Min,Amplitude Max,Amplitude Min
237,39,0.011262686033273787,-0.007783147412604919
