Day of Max,Day of Min,Amplitude Max,Amplitude Min
359,0,0.03105344885963339,-0.0165663781663172
