Day of Max,Day of Min,Amplitude Max,Amplitude Min
242,0,0.669500213798225,-0.97924866405368
