Day of Max,Day of Min,Amplitude Max,Amplitude Min
338,3,0.00746944158602879,-0.011647047913920724
