Day of Max,Day of Min,Amplitude Max,Amplitude Min
101,231,4.216284677090468,-6.230819965908779
