Day of Max,Day of Min,Amplitude Max,Amplitude Min
0,304,0.1376718462786718,-0.08739903290195743
