Day of Max,Day of Min,Amplitude Max,Amplitude Min
194,58,28.574857847604033,-20.71090076525417
