Day of Max,Day of Min,Amplitude Max,Amplitude Min
346,136,1.9952388380373298,-2.242897704681018
