Day of Max,Day of Min,Amplitude Max,Amplitude Min
263,68,1.1506485066226244,-0.9558712154002584
