Day of Max,Day of Min,Amplitude Max,Amplitude Min
225,65,7.482917141450181,-5.863456080807895
