Day of Max,Day of Min,Amplitude Max,Amplitude Min
247,362,2.9203653449596874,-4.839467798205576
