Day of Max,Day of Min,Amplitude Max,Amplitude Min
62,364,1.4218413164970396,-1.9867902128200146
