Day of Max,Day of Min,Amplitude Max,Amplitude Min
104,354,6.420938407375029,-6.453450728941436
