Day of Max,Day of Min,Amplitude Max,Amplitude Min
7,191,1.2172585339701592,-0.8158439275442675
