Day of Max,Day of Min,Amplitude Max,Amplitude Min
110,279,10.63132521647217,-14.095595987612803
