Day of Max,Day of Min,Amplitude Max,Amplitude Min
110,225,8.541352225263715,-5.305932837984194
