Day of Max,Day of Min,Amplitude Max,Amplitude Min
115,278,5.399660034414272,-4.514132316311671
