Day of Max,Day of Min,Amplitude Max,Amplitude Min
248,40,0.9561088023003464,-1.0482378560323968
