Day of Max,Day of Min,Amplitude Max,Amplitude Min
99,265,3.59987803678425,-3.3956672072629206
