Day of Max,Day of Min,Amplitude Max,Amplitude Min
364,201,3.515111707731138,-2.413695978596552
