Day of Max,Day of Min,Amplitude Max,Amplitude Min
235,364,1.5688816277174296,-2.5698368756678653
