Day of Max,Day of Min,Amplitude Max,Amplitude Min
80,302,0.3009081378344275,-0.37964910196049206
