Day of Max,Day of Min,Amplitude Max,Amplitude Min
28,186,2.710107806469103,-3.4931892670742197
