Day of Max,Day of Min,Amplitude Max,Amplitude Min
284,84,1.5556688716451326,-1.2509163131172447
