Day of Max,Day of Min,Amplitude Max,Amplitude Min
93,283,1.594066354734013,-1.8665224873080546
