Day of Max,Day of Min,Amplitude Max,Amplitude Min
105,220,1.6824158366767585,-2.494923452206542
