Day of Max,Day of Min,Amplitude Max,Amplitude Min
103,180,0.3953206857426168,-0.4245603469531267
