Day of Max,Day of Min,Amplitude Max,Amplitude Min
243,17,28.280475168615574,-38.103962896634656
