Day of Max,Day of Min,Amplitude Max,Amplitude Min
269,2,0.8101669073876536,-1.702589054828079
