Day of Max,Day of Min,Amplitude Max,Amplitude Min
215,71,1.8891012979113257,-1.428208373774049
