Day of Max,Day of Min,Amplitude Max,Amplitude Min
292,82,0.350085468775375,-0.3794869560489265
