Day of Max,Day of Min,Amplitude Max,Amplitude Min
1,239,4.993866930626546,-4.200090510333002
