Day of Max,Day of Min,Amplitude Max,Amplitude Min
364,221,0.1662044345806575,-0.17864536994087227
