Day of Max,Day of Min,Amplitude Max,Amplitude Min
292,59,6.2872966239277535,-8.346196149125692
