Day of Max,Day of Min,Amplitude Max,Amplitude Min
196,38,6.095361745354506,-3.670574841828229
