Day of Max,Day of Min,Amplitude Max,Amplitude Min
243,84,0.8223259925860577,-0.7589145674430824
