Day of Max,Day of Min,Amplitude Max,Amplitude Min
82,184,0.005248985107787594,-0.003878357283825284
