Day of Max,Day of Min,Amplitude Max,Amplitude Min
152,21,0.0012833613633164,-0.0017704285891677778
