Day of Max,Day of Min,Amplitude Max,Amplitude Min
233,43,0.010967026847484119,-0.014567446802970212
