Day of Max,Day of Min,Amplitude Max,Amplitude Min
0,363,0.021582622755786925,-0.02714706279933107
