Day of Max,Day of Min,Amplitude Max,Amplitude Min
120,247,2.196159008889728,-2.5629208938023913
