Day of Max,Day of Min,Amplitude Max,Amplitude Min
241,62,0.02542631250424797,-0.01656935148168403
