Day of Max,Day of Min,Amplitude Max,Amplitude Min
364,6,2.2161730054433515,-3.0566033638519827
