Day of Max,Day of Min,Amplitude Max,Amplitude Min
179,321,0.010275879343520505,-0.008679572756807594
