Day of Max,Day of Min,Amplitude Max,Amplitude Min
292,116,0.008440112717729778,-0.0047745901074580195
