Day of Max,Day of Min,Amplitude Max,Amplitude Min
91,257,7.3818391276257955,-7.810153058491048
