Day of Max,Day of Min,Amplitude Max,Amplitude Min
165,0,0.05870669131772838,-0.19152720302298026
