Day of Max,Day of Min,Amplitude Max,Amplitude Min
213,1,0.9367007486481747,-1.4648830093771066
