Day of Max,Day of Min,Amplitude Max,Amplitude Min
0,100,0.00441285451886149,-0.008919304838016751
