Day of Max,Day of Min,Amplitude Max,Amplitude Min
276,161,3.466985786539174,-3.5087965275814454
