Day of Max,Day of Min,Amplitude Max,Amplitude Min
233,364,0.09257960867683651,-0.10815784071241012
