Day of Max,Day of Min,Amplitude Max,Amplitude Min
277,51,0.002282614700414752,-0.002257151102502218
