Day of Max,Day of Min,Amplitude Max,Amplitude Min
144,354,0.0035157376702137314,-0.006306628040625867
