Day of Max,Day of Min,Amplitude Max,Amplitude Min
364,0,0.0009291530775855081,-0.0010656898644770146
