Day of Max,Day of Min,Amplitude Max,Amplitude Min
193,364,0.690959103940055,-1.325636389504807
