Day of Max,Day of Min,Amplitude Max,Amplitude Min
101,0,0.6667688178331138,-0.7203319639539671
