Day of Max,Day of Min,Amplitude Max,Amplitude Min
70,239,2.711738604252173,-4.321583526863951
