Day of Max,Day of Min,Amplitude Max,Amplitude Min
73,240,2.033398326227819,-2.1681250800603746
