Day of Max,Day of Min,Amplitude Max,Amplitude Min
84,226,1.564126685450949,-2.6735289376917604
