Day of Max,Day of Min,Amplitude Max,Amplitude Min
363,126,3.756952823097603,-4.684934972562879
