Day of Max,Day of Min,Amplitude Max,Amplitude Min
60,240,4.703731608753139,-6.503431140487969
