Day of Max,Day of Min,Amplitude Max,Amplitude Min
54,257,5.775001884218732,-6.56825550809134
