Day of Max,Day of Min,Amplitude Max,Amplitude Min
66,257,1.2723359280173836,-1.5322061936202849
