Day of Max,Day of Min,Amplitude Max,Amplitude Min
279,117,7.561065848005533,-5.315691458698031
