Day of Max,Day of Min,Amplitude Max,Amplitude Min
250,78,3.7109612700866124,-3.7051989426946172
