Day of Max,Day of Min,Amplitude Max,Amplitude Min
180,315,1.0237234224077232,-0.8529842701081358
