Day of Max,Day of Min,Amplitude Max,Amplitude Min
338,166,2.443184352790925,-2.8915100527365247
