Day of Max,Day of Min,Amplitude Max,Amplitude Min
73,305,3.0751036804098555,-2.443145316263764
