Day of Max,Day of Min,Amplitude Max,Amplitude Min
364,363,1.1596556984217103,-0.5433630485078375
