Day of Max,Day of Min,Amplitude Max,Amplitude Min
103,258,0.7716846662500599,-0.5409583125820435
