Day of Max,Day of Min,Amplitude Max,Amplitude Min
41,350,1.309565592505346,-1.6578465788125714
