Day of Max,Day of Min,Amplitude Max,Amplitude Min
168,3,0.4169701181576458,-0.5019900406177152
