Day of Max,Day of Min,Amplitude Max,Amplitude Min
364,5,0.5425339323289159,-0.3687053509809247
