Day of Max,Day of Min,Amplitude Max,Amplitude Min
0,151,4.7232206090594016,-3.654611105502984
