Day of Max,Day of Min,Amplitude Max,Amplitude Min
364,215,2.162171984325195,-2.61003556194903
