Day of Max,Day of Min,Amplitude Max,Amplitude Min
65,247,1.7754188742226733,-2.250026720280906
