Day of Max,Day of Min,Amplitude Max,Amplitude Min
141,326,1.1192717504461078,-1.6700476512410365
