Day of Max,Day of Min,Amplitude Max,Amplitude Min
150,273,1.0288280133779883,-1.2025115131456459
