Day of Max,Day of Min,Amplitude Max,Amplitude Min
349,210,2.143907830751717,-2.1047703586988638
