Day of Max,Day of Min,Amplitude Max,Amplitude Min
103,244,0.7780675240727672,-1.0238044476858847
