Day of Max,Day of Min,Amplitude Max,Amplitude Min
363,210,1.2769164413575074,-1.9023498570914013
