Day of Max,Day of Min,Amplitude Max,Amplitude Min
75,216,0.7122537432912062,-0.8962895397997753
