Day of Max,Day of Min,Amplitude Max,Amplitude Min
359,219,38.28731220341799,-29.146898312017562
