Day of Max,Day of Min,Amplitude Max,Amplitude Min
82,243,1.9820248786053436,-2.7285761803367223
