Day of Max,Day of Min,Amplitude Max,Amplitude Min
291,120,1.943642862508683,-1.8728702989431827
