Day of Max,Day of Min,Amplitude Max,Amplitude Min
0,311,3.161926606180317,-2.4427008484254706
