Day of Max,Day of Min,Amplitude Max,Amplitude Min
60,273,0.7800614386006705,-0.6599507278418347
