Day of Max,Day of Min,Amplitude Max,Amplitude Min
223,51,12.403915877752809,-11.851865326021482
