Day of Max,Day of Min,Amplitude Max,Amplitude Min
91,149,0.8628370914897846,-0.7942242708287882
