Day of Max,Day of Min,Amplitude Max,Amplitude Min
364,0,0.04311021446402592,-0.2414686928926994
