Day of Max,Day of Min,Amplitude Max,Amplitude Min
73,358,3.567940125078877,-4.665761349120518
