Day of Max,Day of Min,Amplitude Max,Amplitude Min
266,54,7.699625290799515,-8.149920944191527
