Day of Max,Day of Min,Amplitude Max,Amplitude Min
221,68,0.005582798200737498,-0.0046496532343561214
