Day of Max,Day of Min,Amplitude Max,Amplitude Min
193,298,29.145657745270107,-23.65606395864807
