Day of Max,Day of Min,Amplitude Max,Amplitude Min
211,63,2.105833037901066,-2.1075177105251126
