Day of Max,Day of Min,Amplitude Max,Amplitude Min
11,314,0.012554660953584968,-0.011980241753733925
