Day of Max,Day of Min,Amplitude Max,Amplitude Min
21,108,0.8141761559976345,-1.106280365776919
