Day of Max,Day of Min,Amplitude Max,Amplitude Min
329,6,0.002363160734414568,-0.003912066529777683
