Day of Max,Day of Min,Amplitude Max,Amplitude Min
202,39,1.7853445039112175,-5.028873652639844
