Day of Max,Day of Min,Amplitude Max,Amplitude Min
220,107,5.759026596362853,-3.5575727043120176
