Day of Max,Day of Min,Amplitude Max,Amplitude Min
281,82,0.5956181674653328,-0.6783681558899453
