Day of Max,Day of Min,Amplitude Max,Amplitude Min
317,208,0.004332067773096461,-0.004536019042663667
