Day of Max,Day of Min,Amplitude Max,Amplitude Min
124,284,11.290067422648152,-13.573837183361094
