Day of Max,Day of Min,Amplitude Max,Amplitude Min
351,0,0.0030317017078049166,-0.007756707526656012
