Day of Max,Day of Min,Amplitude Max,Amplitude Min
183,364,0.006586365082864566,-0.007577729885605984
