Day of Max,Day of Min,Amplitude Max,Amplitude Min
364,83,1.4508265745352473,-1.0002124978816682
