Day of Max,Day of Min,Amplitude Max,Amplitude Min
252,88,0.012270376003850803,-0.012471166352437396
