Day of Max,Day of Min,Amplitude Max,Amplitude Min
66,364,0.0030367304317516666,-0.018613139586742426
