Day of Max,Day of Min,Amplitude Max,Amplitude Min
364,165,0.010366976364423837,-0.006679988705120342
