Day of Max,Day of Min,Amplitude Max,Amplitude Min
40,364,0.0037912270990006778,-0.007261288240888202
