Day of Max,Day of Min,Amplitude Max,Amplitude Min
230,5,0.001338833190506373,-0.001576924197858532
