Day of Max,Day of Min,Amplitude Max,Amplitude Min
27,325,3.856442121770198,-3.813924306590131
