Day of Max,Day of Min,Amplitude Max,Amplitude Min
30,272,19.582553573226356,-22.132763087743605
