Day of Max,Day of Min,Amplitude Max,Amplitude Min
364,188,0.7814821146831191,-0.5181645970616319
