Day of Max,Day of Min,Amplitude Max,Amplitude Min
363,222,2.758971441194836,-3.6161174027126983
