Day of Max,Day of Min,Amplitude Max,Amplitude Min
334,208,0.0023498286205154884,-0.0030709811699508372
