Day of Max,Day of Min,Amplitude Max,Amplitude Min
300,82,2.520383885439407,-2.6417373972759766
