Day of Max,Day of Min,Amplitude Max,Amplitude Min
150,0,4.135607348966886,-5.541477550746704
