Day of Max,Day of Min,Amplitude Max,Amplitude Min
248,364,0.0004935272153886377,-0.0010229196173623793
