Day of Max,Day of Min,Amplitude Max,Amplitude Min
315,148,0.006709375115157062,-0.006862362492919942
