Day of Max,Day of Min,Amplitude Max,Amplitude Min
248,112,0.6992072743737257,-0.505137138752781
