Day of Max,Day of Min,Amplitude Max,Amplitude Min
42,251,0.005593222046466076,-0.006452874281617924
