Day of Max,Day of Min,Amplitude Max,Amplitude Min
58,236,0.003961434034736679,-0.0067699678523357445
