Day of Max,Day of Min,Amplitude Max,Amplitude Min
222,69,0.00473267906069387,-0.0037374341751493247
