Day of Max,Day of Min,Amplitude Max,Amplitude Min
0,181,0.02931771873066894,-0.015613491100512186
