Day of Max,Day of Min,Amplitude Max,Amplitude Min
280,169,0.004880549493009341,-0.0058774807780229196
