Day of Max,Day of Min,Amplitude Max,Amplitude Min
192,364,0.006972011165386129,-0.011369841950518341
