Day of Max,Day of Min,Amplitude Max,Amplitude Min
112,262,0.7539468485770778,-0.7258950298858269
