Day of Max,Day of Min,Amplitude Max,Amplitude Min
195,302,1.05104091220727,-1.6655518976009893
