Day of Max,Day of Min,Amplitude Max,Amplitude Min
27,288,1.4116129611972519,-0.927923794467329
