Day of Max,Day of Min,Amplitude Max,Amplitude Min
0,200,0.6449629338319587,-0.6259763997794167
