Day of Max,Day of Min,Amplitude Max,Amplitude Min
64,283,1.2866374621818977,-1.0684271674526822
