Day of Max,Day of Min,Amplitude Max,Amplitude Min
67,228,2.9333416355934343,-2.1658382428548144
