Day of Max,Day of Min,Amplitude Max,Amplitude Min
90,233,2.8964387171787984,-3.5025205670591446
