Day of Max,Day of Min,Amplitude Max,Amplitude Min
68,265,4.318119724733175,-3.8241041602550427
