Day of Max,Day of Min,Amplitude Max,Amplitude Min
58,213,7.504325678878821,-6.955500112442695
