Day of Max,Day of Min,Amplitude Max,Amplitude Min
190,90,0.6591640074565569,-1.2469827828290365
