Day of Max,Day of Min,Amplitude Max,Amplitude Min
119,274,1.1783686939291917,-1.0959337914828773
