Day of Max,Day of Min,Amplitude Max,Amplitude Min
218,46,1.8887588221828073,-1.832497524250767
