Day of Max,Day of Min,Amplitude Max,Amplitude Min
268,117,0.6610560524700112,-0.705171850411849
