Day of Max,Day of Min,Amplitude Max,Amplitude Min
178,358,1.4938061137110028,-2.635586876122539
