Day of Max,Day of Min,Amplitude Max,Amplitude Min
34,198,3.584906883328705,-3.125258227738886
