Day of Max,Day of Min,Amplitude Max,Amplitude Min
6,228,3.5673275396457798,-3.4076086577221907
