Day of Max,Day of Min,Amplitude Max,Amplitude Min
25,182,1.7669407028215982,-1.153298498329902
