Day of Max,Day of Min,Amplitude Max,Amplitude Min
15,259,0.4338112575899468,-0.48486433613763824
