Day of Max,Day of Min,Amplitude Max,Amplitude Min
199,14,1.6074895505081577,-1.930308761624612
