Day of Max,Day of Min,Amplitude Max,Amplitude Min
328,162,1.6667427019114855,-2.0525001672963255
