Day of Max,Day of Min,Amplitude Max,Amplitude Min
118,282,2.539853297107086,-2.523085260266215
