Day of Max,Day of Min,Amplitude Max,Amplitude Min
32,121,4.198933969559112,-1.4312829917775187
