Day of Max,Day of Min,Amplitude Max,Amplitude Min
0,200,5.718529439471853,-7.733643306983553
