Day of Max,Day of Min,Amplitude Max,Amplitude Min
54,228,1.261341178870937,-1.5257778330532155
