Day of Max,Day of Min,Amplitude Max,Amplitude Min
167,0,0.3358809113330044,-1.0519133936929153
