Day of Max,Day of Min,Amplitude Max,Amplitude Min
112,278,1.2874550088487904,-1.5176821734325519
