Day of Max,Day of Min,Amplitude Max,Amplitude Min
19,217,2.7719675122355425,-2.620269665331623
