Day of Max,Day of Min,Amplitude Max,Amplitude Min
43,51,1.7236190430663574,-2.0041000545364067
