Day of Max,Day of Min,Amplitude Max,Amplitude Min
58,242,4.672330340994002,-5.961994484920867
