Day of Max,Day of Min,Amplitude Max,Amplitude Min
89,0,3.5146254820816862,-2.517674208004024
