Day of Max,Day of Min,Amplitude Max,Amplitude Min
260,59,3.557682084873645,-3.185207239869205
