Day of Max,Day of Min,Amplitude Max,Amplitude Min
364,237,0.995316034379394,-0.8601127472744323
