Day of Max,Day of Min,Amplitude Max,Amplitude Min
355,197,0.7487789842938734,-0.494609454945311
