Day of Max,Day of Min,Amplitude Max,Amplitude Min
152,349,2.3696396202605343,-3.015998559947032
