Day of Max,Day of Min,Amplitude Max,Amplitude Min
0,122,1.0539622756316316,-0.12008833482483043
